{
    "openapi": "3.0.0",
    "info": {
        "title": "Example for response examples value",
        "version": "1.0"
    },
    "paths": {
        "/api": {},
        "/api/articles": {
            "get": {
                "tags": [
                    "articles"
                ],
                "summary": "Get list of projects",
                "description": "Returns list of projects",
                "operationId": "articlesList",
                "responses": {
                    "200": {
                        "description": "Successful operation",
                        "content": {
                            "application/json": {}
                        }
                    },
                    "401": {
                        "description": "Unauthenticated"
                    },
                    "403": {
                        "description": "Forbidden"
                    }
                }
            },
            "post": {
                "tags": [
                    "articles"
                ],
                "summary": "Store a new article",
                "description": "Store a new article",
                "operationId": "storeArticle",
                "requestBody": {
                    "description": "Article object that needs to be added to the database",
                    "required": true
                },
                "responses": {
                    "201": {
                        "description": "Article created successfully",
                        "content": {
                            "application/json": {}
                        }
                    }
                }
            }
        }
    }
}